<?xml version="1.0" encoding="UTF-8"?>
<project-private xmlns="http://www.netbeans.org/ns/project-private/1">
    <editor-bookmarks xmlns="http://www.netbeans.org/ns/editor-bookmarks/2" lastBookmarkId="0"/>
    <open-files xmlns="http://www.netbeans.org/ns/projectui-open-files/2">
        <group>
            <file>file:/D:/TugasAlgoritmaPemrograman-master/1855201002_DimasIbnuMalik/src/Toko_Tani/FormInput.java</file>
            <file>file:/D:/TugasAlgoritmaPemrograman-master/1855201002_DimasIbnuMalik/src/Toko_Tani/Post.java</file>
            <file>file:/D:/TugasAlgoritmaPemrograman-master/1855201002_DimasIbnuMalik/src/Toko_Tani/FormEdit.java</file>
            <file>file:/D:/TugasAlgoritmaPemrograman-master/1855201002_DimasIbnuMalik/src/Toko_Tani/Koneksi.java</file>
            <file>file:/D:/TugasAlgoritmaPemrograman-master/1855201002_DimasIbnuMalik/src/Toko_Tani/Update.java</file>
            <file>file:/D:/TugasAlgoritmaPemrograman-master/1855201002_DimasIbnuMalik/src/Toko_Tani/Delete.java</file>
            <file>file:/D:/TugasAlgoritmaPemrograman-master/1855201002_DimasIbnuMalik/src/Toko_Tani/TokoGUI.java</file>
        </group>
    </open-files>
</project-private>
